{
    "LogFile": "C:\\logs\\tron\\tron.log",
    "QuarantinePath": "C:\\logs\\tron\\quarantine",
    "BackupPath": "C:\\logs\\tron\\backups",
    "RawLogsPath": "C:\\logs\\tron\\raw_logs",
    "SummaryLogsPath": "C:\\logs\\tron\\summary_logs",
    "AutoRebootDelay": 0,
    "SkipDefrag": false,
    "SafeMode": false,
    "DryRun": false,
    "Verbose": false,
    "Autorun": false,
    "PreserveMetroApps": false,
    "SkipDebloat": false,
    "SkipExpressSettings": false,
    "SkipKaspersky": false,
    "SkipMbam": false,

    "SkipTelemetry": false,
    "SkipUpdate": false,
    "UploadDebugLogs": false
}