{
    "LogFile": "tron.log",
    "LogPath": "C:\\Logs\\Tron",
    "AutoRebootDelay": 15,
    "PreserveMetroApps": false,
    "PreservePowerScheme": false,
    "PreserveMalwarebytes": false,
    "QuarantinePath": "C:\\Tron\\Quarantine",
    "SelfDestruct": false,
    "SkipAntivirusScans": false,
    "SkipAdwCleanerScan": false,
    "SkipAppPatches": false,
    "SkipCustomScripts": false,
    "SkipDebloat": false,
    "SkipDebloatUpdate": false,
    "SkipDefrag": false,
    "SkipDismCleanup": false,
    "SkipEventLogClear": false,
    "SkipKasperskyScan": false,
    "SkipMbamInstall": false,
    "SkipOneDriveRemoval": false,
    "SkipPageFileReset": false,
    "SkipTelemetryRemoval": false,
    "SkipWindowsUpdates": false,
    "SkipWsusOffline": false,
    "UnicornPowerMode": false,
    "UploadDebugLogs": false,
    "Verbose": false,
    "DryRun": false,
    "EmailReport": false
}